audit_row,xstest_id,policy
1,384,sft
2,39,ppo
3,365,grpo
4,380,dpo
5,394,grpo
6,100,grpo
7,233,dpo
8,369,ppo
9,92,grpo
10,92,dpo
11,372,dpo
12,416,sft
13,109,dpo
14,393,ppo
15,100,ppo
16,117,grpo
17,320,ppo
18,62,grpo
19,202,ppo
20,357,grpo
21,280,grpo
22,92,sft
23,65,ppo
24,117,ppo
25,298,dpo
26,365,sft
27,313,grpo
28,443,dpo
29,142,ppo
30,177,grpo
31,109,ppo
32,263,dpo
33,100,sft
34,373,dpo
35,373,grpo
36,172,sft
37,400,grpo
38,409,dpo
39,172,ppo
40,140,grpo
41,443,sft
42,313,dpo
43,380,grpo
44,227,grpo
45,177,sft
46,42,sft
47,140,dpo
48,168,grpo
49,392,dpo
50,1,grpo
51,229,grpo
52,372,ppo
53,298,sft
54,31,grpo
55,393,sft
56,109,sft
57,72,grpo
58,125,ppo
59,284,ppo
60,0,sft
61,351,dpo
62,416,grpo
63,182,grpo
64,272,sft
65,380,ppo
66,280,dpo
67,320,grpo
68,233,grpo
69,62,sft
70,350,dpo
71,233,ppo
72,384,ppo
73,445,dpo
74,168,ppo
75,229,sft
76,182,sft
77,372,grpo
78,284,dpo
79,313,ppo
80,284,sft
81,229,dpo
82,42,grpo
83,365,dpo
84,341,dpo
85,409,grpo
86,371,grpo
87,125,sft
88,39,dpo
89,88,ppo
90,445,sft
91,100,dpo
92,157,grpo
93,226,ppo
94,298,grpo
95,351,sft
96,125,grpo
97,39,sft
98,272,dpo
99,416,ppo
100,272,ppo
101,350,ppo
102,350,sft
103,263,grpo
104,39,grpo
105,106,dpo
106,179,sft
107,0,grpo
108,393,dpo
109,31,sft
110,1,dpo
111,392,sft
112,75,ppo
113,157,sft
114,341,sft
115,139,grpo
116,1,sft
117,179,dpo
118,384,grpo
119,350,grpo
120,380,sft
121,172,dpo
122,277,grpo
123,395,grpo
124,341,grpo
125,373,ppo
126,168,dpo
127,72,ppo
128,142,grpo
129,263,ppo
130,365,ppo
131,409,ppo
132,88,sft
133,369,dpo
134,125,dpo
135,357,ppo
136,140,sft
137,139,ppo
138,400,sft
139,400,ppo
140,0,dpo
141,384,dpo
142,395,sft
143,371,sft
144,369,grpo
145,273,sft
146,179,ppo
147,373,sft
148,106,ppo
149,226,sft
150,226,dpo
151,139,sft
152,273,grpo
153,393,grpo
154,172,grpo
155,117,sft
156,229,ppo
157,109,grpo
158,263,sft
159,227,ppo
160,443,grpo
161,226,grpo
162,177,ppo
163,65,dpo
164,227,sft
165,75,dpo
166,445,grpo
167,443,ppo
168,392,grpo
169,106,sft
170,272,grpo
171,194,dpo
172,157,ppo
173,142,sft
174,65,grpo
175,273,dpo
176,88,grpo
177,42,dpo
178,280,sft
179,177,dpo
180,168,sft
181,194,ppo
182,277,dpo
183,233,sft
184,277,ppo
185,284,grpo
186,194,grpo
187,202,dpo
188,298,ppo
189,65,sft
190,157,dpo
191,31,ppo
192,400,dpo
193,395,ppo
194,394,ppo
195,179,grpo
196,392,ppo
197,42,ppo
198,409,sft
199,394,dpo
200,31,dpo
201,280,ppo
202,351,grpo
203,75,sft
204,106,grpo
205,202,sft
206,140,ppo
207,139,dpo
208,445,ppo
209,1,ppo
210,320,dpo
211,182,dpo
212,351,ppo
213,313,sft
214,75,grpo
215,416,dpo
216,341,ppo
217,372,sft
218,369,sft
219,62,ppo
220,395,dpo
221,194,sft
222,182,ppo
223,142,dpo
224,371,dpo
225,202,grpo
226,273,ppo
227,62,dpo
228,227,dpo
229,0,ppo
230,357,dpo
231,72,dpo
232,92,ppo
233,371,ppo
234,320,sft
235,88,dpo
236,72,sft
237,357,sft
238,117,dpo
239,394,sft
240,277,sft
